Active Directory Services for Windows 2000 (*11);
Administration et maintenance d'un environnement Microsoft Windows Server 2003;
Ajax en pratique;
Applying UML and Patterns;
ASP.NET;
ASP.NET 2,0;
ASP.NET Pro + DVD;
Bases de données;
beginning Java 2;
Building Internet Firewalls ;
CCSP Secur Self-Study Exam certification guide;
CCSP Sécurité;
Cisco;
Cisco - Collection Certification;
CISSP;
CISSP Exam Guide;
Collection Certification: Administration d'un environnement Réseau sous Win 2000;
Complete java 2 certification;
computer networks - Fourth Edition;
Conception BD relationnelles;
Conception de la Securité pour un réseau Microsoft Wondows Server 2003 - Kit de formation;
Conception Graphique des sites Web;
Concevoir et déployer un data warehouse;
Database Systems;
Design Patterns Explained;
Designing Security for a microsoft Windows Server 2003 Network - training kit;
Dreamweaver MX;
Dreamweaver MX 2004;
EJB Fondamental;;;;
Exam Cram2 Managing a Windows 2000 Network Environment;;;;
Exam Cram2 Windows 2000 Network Infrasctructure;;;;
Exam Cram2 Windows 2000 Professional;;;;
Exam Cram2 Windows 2000 Server;;;;
Exchange 2000 Server;;;;
"Exchange 2000 server ""mastering""";;;;
Exchange 2000 Server Administrator's companion + CD Rom;;;;
Exchange 2000 sever - mise en œuvre et administration;;;;
Exchange Server 2003;;;;
Exchange Server 2003 implentation et gestion;;;;
Flash MX 2004;;;;
Frontpage version 2002;;;;
Fundamentals of Database Systems;;;;
Gnome 2;;;;
Go - Le plus complet des guides de l'emploi;;;;
Hacking;;;;
Hacking Exposed;;;;
Hacking fourth édition (ang)+CD;;;;
Hacking micro application (fr);;;;
Halte aux hackers;;;;
Head First EJB;;;;
Head First Servlets & JSP;;;;
Hibernate 3,0;;;;
Hibernate in action;;;;
HTML 4;;;;
Inside NetworkPerimeter Security;;;;
Internet Explorer 5 Resource KIT;;;;
Internet Information Services 5.0 Resource Guide;;;;
Java 2;;;;
Java Development;;;;
Java Server Pages;;;;
JSP Site Design;;;;
La sécurité sur Internet: Firewalls ;;;;
Le livre de Java;;;;
Le PC (Le Campus);;;;
Le Système Linux;;;;
Les bases de l'administration système;;;;
Les fondements de l'informatique;;;;
Linux Administrator Handbook;;;;
Linux en concentré;;;;
Linux network administrator's guide;;;;
Linux professional institute certification;;;;
L'Orienté Objet;;;;
Macromedia Dreamweaver MX;;;;
Mastering Enterprise Javabeans;;;;
Mastering Web Development;;;;
Mastering Windows Server 2003 + CD;;;;
MCSE - Readiness Kit - Microsoft Windows 2000 Professional;;;;
MCSE - Training Kit - Microsoft windows 2000 Professional;;;;
MCSE - Training Kit - Premium Edition - Windows 2000 Professional CD-ROM;;;;
MCSE Readiness Review - Microsoft Windows 2000 Server ;;;;
MCSE Trainin Kit - Microsoft Windows 2000 Server + CD;;;;
Microsoft - Exchange 2000 Server - Mise en œuvre et administration;;;;
Microsoft Exchange Server 2003;;;;
Microsoft Frontpage Version 2002;;;;
Microsoft Windows NT Server Internet Guide;;;;
Microsoft Windows NT Server Networking Guide;;;;
Microsoft Windows NT Server Resource ;;;;
Murach's beginning Java 2;;;;
Network Perimeter Security;;;;
Pratique de MySQL et PHP;;;;
Photoshop CS pour les photographes;;;;
PHP 4;;;;
PHP en action;;;;
PHP précis et concis;;;;
Pratique de .net et c#;;;;
Processus Métiers et SI;;;;
Programmation système en C sous linux;;;;
Programming with Java;;;;
Red Hat Linux + CD;;;;
Sécurité Maximale des systèmes et réseaux + CD ;;;;
Servlet and Javaserver Pages;;;;
Servlets and Javaserver Pages;;;;
Servlets et JSP-Head First;;;;
Special OPS;;;;
SQL;;;;
SQL Server 2000;;;;
SQL Server 2000 Administrator Companion + Cd ;;;;
SQL Server 2000 Programming;;;;
TCP/IP (Le campus);;;;
TCP/IP illustrated volume 1;;;;
TCP/IP Protocol Suite;;;;
Tendances Trends -Top 30.000 2002-2004-2005;;;;
The Guru's Guide to Transact SQL - Ken Henderson;;;;
Thinking in Java + CD;;;;
UML Distilled;;;;
unix &Linux;;;;
Web Dev;;;;
Webmaster in a Nutshell ;;;;
Webwork in action;;;;
Wi-Foo;;;;
"Windows 2000 implémentationd'une infrastructure réseau ""Certification"" ";;;;
Windows 2000 Professionnel;;;;
Windows 2000 Security;;;;
Windows 2000 server;;;;
Windows 2000 Server Deployment Planning Guide ;;;;
Windows 2000 Server Distributed Systems Guide;;;;
Windows 2000 Server Internetworking Guide;;;;
Windows 2000 Server Operations Guide;;;;
Windows 2000 Server Professional Reference ;;;;
Windows 2000 Server TCP/IP Core Networking Guide;;;;
Windows 2000 sever certification;;;;
Windows 2000 TCP/IP;;;;
Windows NT Server 4 Professional Reference;;;;
Windows NT servery (Mastering);;;;
Windows Server 2003;;;;
Windows Server 2003 en concentré;;;;
Windows server 2003 microsoft guide de l'administration;;;;
Windows server 2003 Terminal Services;;;;
XML précis et concis;;;;
Conception et programmation orientées objet;;;;
Programming système sous Linux;;;;
Linux administration;;;;
LPIC-1;;;;
Developing Web Application with VB .NET and Visual C# .NET;;;;
Developing windows-Bases Application;;;;
Developing XML web services and server components;;;;
Analyzing requirements and defining .NET;;;;
.NET core Requirements;;;;
First-step Les Routeurs;;;;
Services Web avec J2EE et .NET;;;;
SQL Server 2005;;;;
ASP.NET 2.0;;;;
C# précis et concis;;;;
C# 2.0;;;;
;;;;
;;;;
;;;;
;;;;
;;;;
;;;;
;;;;
;;;;
;;;;
;;;;
;;;;
;;;;
;;;;
;;;;
;;;;
;;;;
;;;;
;;;;
;;;;
;;;;
;;;;
;;;;
;;;;
;;;;
;;;;
;;;;
;;;;
;;;;
;;;;
;;;;
;;;;
;;;;
;;;;
;;;;
;;;;
;;;;
;;;;
;;;;
;;;;
;;;;
;;;;
;;;;
;;;;
;;;;
;;;;
;;;;
;;;;
;;;;
;;;;
;;;;
;;;;
;;;;
;;;;
;;;;
;;;;
;;;;
;;;;
;;;;
;;;;
;;;;
;;;;
;;;;
;;;;
